{
    "name": "Fen Source Select",
    "plugin": "plugin.video.fen",
    "priority": 500,
    "play_movie": "plugin://plugin.video.fen/?mode=playback.media&media_type=movie&query=jeopardy%20{firstaired}&year={year}&poster={poster}&title={title}&tmdb_id={id}&autoplay=false&name={name}",
    "play_episode": "plugin://plugin.video.fen/?mode=playback.media&media_type=episode&query=jeopardy%20{firstaired}&year={year}&season={season}&episode={episode}&ep_name={title}&tmdb_id={tmdb}&premiered={firstaired}&autoplay=false&showname={showname}"
}
